token	corpus size	all contexts size	frequency	co-frequency	specificity
أخضر	96613	2422	163	61	53.46
داكن	96613	2422	11	11	17.62
باستيل	96613	2422	47	18	16.50
حلم	96613	2422	12	10	14.22
ر.س	96613	2422	16	11	14.03
31.05	96613	2422	13	10	13.59
جميل	96613	2422	10	8	11.18
اضف	96613	2422	19	10	11.15
بان	96613	2422	29	11	10.28
للسلة	96613	2422	18	9	9.83
أزرق	96613	2422	9	7	9.68
زيتوني	96613	2422	6	6	9.61
غامق	96613	2422	7	6	8.77
أحمر	96613	2422	9	6	7.72
شاي	96613	2422	9	6	7.72
GREEN	96613	2422	6	5	7.24
TEA	96613	2422	7	5	6.71
فاتح	96613	2422	4	4	6.40
(أكسيد	96613	2422	4	4	6.40
كروميوم),	96613	2422	4	4	6.40
لمستقبل	96613	2422	4	4	6.40
بلادي	96613	2422	4	4	6.40
أووه..	96613	2422	4	4	6.40
الفستقي،	96613	2422	4	4	6.40
والمفعول	96613	2422	4	4	6.40
نسبة	96613	2422	18	6	5.47
logo-img	96613	2422	6	4	5.25
الزمردي،	96613	2422	6	4	5.25
لون	96613	2422	99	12	5.21
انضم	96613	2422	13	5	4.98
كم	96613	2422	7	4	4.89
صريح	96613	2422	3	3	4.80
مزرق	96613	2422	3	3	4.80
(ثايلو)	96613	2422	3	3	4.80
نفذت	96613	2422	3	3	4.80
الشوارع:	96613	2422	3	3	4.80
وحضاري	96613	2422	3	3	4.80
المثال:	96613	2422	3	3	4.80
مستقبلٌ	96613	2422	3	3	4.80
أخضر؟	96613	2422	3	3	4.80
الفستق	96613	2422	3	3	4.80
الحلبي	96613	2422	3	3	4.80
الطازج.	96613	2422	3	3	4.80
صارخ	96613	2422	3	3	4.80
ومعتدل	96613	2422	3	3	4.80
قوته.	96613	2422	3	3	4.80
الزرقة.	96613	2422	3	3	4.80
الدغل	96613	2422	3	3	4.80
اخضرَّ	96613	2422	3	3	4.80
Podcast.	96613	2422	3	3	4.80
حسّن	96613	2422	3	3	4.80
ورفاهيتك	96613	2422	3	3	4.80
أي	96613	2422	83	10	4.43
أصفر	96613	2422	9	4	4.36
ولكنه	96613	2422	9	4	4.36
ربيعي	96613	2422	4	3	4.21
أرجواني	96613	2422	4	3	4.21
برتقالي	96613	2422	4	3	4.21
ويميل	96613	2422	4	3	4.21
خضاب	96613	2422	4	3	4.21
اليومية	96613	2422	10	4	4.15
وهو	96613	2422	94	10	3.98
الكمية	96613	2422	5	3	3.83
استثمار	96613	2422	5	3	3.83
مستدام	96613	2422	5	3	3.83
ت	96613	2422	5	3	3.83
المميز	96613	2422	5	3	3.83
لوز	96613	2422	5	3	3.83
نمط	96613	2422	5	3	3.83
جدول	96613	2422	6	3	3.54
ن	96613	2422	6	3	3.54
تفاحي	96613	2422	6	3	3.54
يشبه	96613	2422	6	3	3.54
صحتك	96613	2422	6	3	3.54
حمل	96613	2422	14	4	3.51
ع	96613	2422	7	3	3.30
بلون	96613	2422	7	3	3.30
متوفر	96613	2422	7	3	3.30
ندخل	96613	2422	2	2	3.20
خلية	96613	2422	2	2	3.20
نشاهد؟	96613	2422	2	2	3.20
إننا	96613	2422	2	2	3.20
نشاهد	96613	2422	2	2	3.20
تركيبًا	96613	2422	2	2	3.20
للمادة	96613	2422	2	2	3.20
تمييزَ	96613	2422	2	2	3.20
اللونين	96613	2422	2	2	3.20
ألوانِ	96613	2422	2	2	3.20
المُظلم	96613	2422	2	2	3.20
بالأسمرِ.	96613	2422	2	2	3.20
ضفدع	96613	2422	2	2	3.20
المتحدة؛	96613	2422	2	2	3.20
ليموني	96613	2422	2	2	3.20
سرخسي	96613	2422	2	2	3.20
باستيلي	96613	2422	2	2	3.20
نفلي	96613	2422	2	2	3.20
(أو	96613	2422	2	2	3.20
[align=justify]أخي	96613	2422	2	2	3.20
فؤادي	96613	2422	2	2	3.20
يخضب	96613	2422	2	2	3.20
أردت	96613	2422	2	2	3.20
.[/align]	96613	2422	2	2	3.20
بجمال	96613	2422	2	2	3.20
شاعريتك	96613	2422	2	2	3.20
وعذوبة	96613	2422	2	2	3.20
اسلوبك	96613	2422	2	2	3.20
بالالتصاق	96613	2422	2	2	3.20
مخضراً	96613	2422	2	2	3.20
أثرت	96613	2422	2	2	3.20
شجوني	96613	2422	2	2	3.20
فحلمي	96613	2422	2	2	3.20
أتمنى	96613	2422	2	2	3.20
أعود	96613	2422	2	2	3.20
وأعيش	96613	2422	2	2	3.20
تمنيت	96613	2422	2	2	3.20
وزهرة	96613	2422	2	2	3.20
الكرز	96613	2422	2	2	3.20
AND	96613	2422	2	2	3.20
CHERRY	96613	2422	2	2	3.20
BLOSS	96613	2422	2	2	3.20
BABY	96613	2422	2	2	3.20
وهوامش	96613	2422	2	2	3.20
ناقش	96613	2422	2	2	3.20
(يسار)	96613	2422	2	2	3.20
ساخرة	96613	2422	2	2	3.20
للانضمام	96613	2422	2	2	3.20
الاستوائية،	96613	2422	2	2	3.20
شبيه	96613	2422	2	2	3.20
أخضرَ	96613	2422	2	2	3.20
الزَّرعَ:	96613	2422	2	2	3.20
اختضارًا،	96613	2422	2	2	3.20
باعه	96613	2422	2	2	3.20
Home	96613	2422	2	2	3.20
الذُّؤْنُون	96613	2422	2	2	3.20
سبيل	96613	2422	17	4	3.17
فهو	96613	2422	45	6	3.13
الأخضر	96613	2422	571	27	3.11
نص	96613	2422	8	3	3.11
[مفرد]:	96613	2422	8	3	3.11
تبديل	96613	2422	9	3	2.94
طيف	96613	2422	9	3	2.94
ولكن	96613	2422	52	6	2.81
مستمرًا	96613	2422	3	2	2.74
173	96613	2422	3	2	2.74
لامع	96613	2422	3	2	2.74
زمرد	96613	2422	3	2	2.74
ليمي	96613	2422	3	2	2.74
فضي	96613	2422	3	2	2.74
(لون)	96613	2422	3	2	2.74
ينير	96613	2422	3	2	2.74
الصغير	96613	2422	3	2	2.74
الزيتوني،	96613	2422	3	2	2.74
الداكن،	96613	2422	3	2	2.74
جدًا،	96613	2422	3	2	2.74
لوحة	96613	2422	3	2	2.74
الزرنيخ	96613	2422	3	2	2.74
أخضر:	96613	2422	3	2	2.74
رياض	96613	2422	3	2	2.74
المواهب	96613	2422	3	2	2.74
المحتويات	96613	2422	11	3	2.67
أسود	96613	2422	12	3	2.56
مكان	96613	2422	12	3	2.56
بودكاست	96613	2422	12	3	2.56
متوسط	96613	2422	4	2	2.45
مسمى	96613	2422	4	2	2.45
العروبة	96613	2422	4	2	2.45
الأصلية	96613	2422	4	2	2.45
الحلم	96613	2422	4	2	2.45
الحبيبة	96613	2422	4	2	2.45
مجادلة	96613	2422	4	2	2.45
مائدة	96613	2422	4	2	2.45
عنه،	96613	2422	4	2	2.45
منه.	96613	2422	4	2	2.45
الغابة	96613	2422	4	2	2.45
ويقال	96613	2422	4	2	2.45
مدارس	96613	2422	4	2	2.45
الأهلية	96613	2422	4	2	2.45
ريفنا	96613	2422	4	2	2.45
مصدر	96613	2422	15	3	2.28
الغطاء	96613	2422	15	3	2.28
بنفسجي	96613	2422	5	2	2.23
نتمنى	96613	2422	5	2	2.23
كتبت	96613	2422	5	2	2.23
(الجزيرة	96613	2422	5	2	2.23
نت)	96613	2422	5	2	2.23
أهداف	96613	2422	5	2	2.23
ملخصات	96613	2422	5	2	2.23
الأخضر:	96613	2422	5	2	2.23
الأحجار	96613	2422	5	2	2.23
ج	96613	2422	5	2	2.23
فيها	96613	2422	50	5	2.18
نبات	96613	2422	17	3	2.12
طلاء	96613	2422	6	2	2.07
الكيمياء	96613	2422	6	2	2.07
مماثلة	96613	2422	6	2	2.07
تتميز	96613	2422	6	2	2.07
بعدة	96613	2422	6	2	2.07
مقالة	96613	2422	6	2	2.07
أخضر.	96613	2422	6	2	2.07
زيت	96613	2422	6	2	2.07
قليلًا	96613	2422	6	2	2.07
عشر،	96613	2422	6	2	2.07
فلسطين	96613	2422	18	3	2.06
النباتي	96613	2422	18	3	2.06
يكون	96613	2422	55	5	2.01
عربي	96613	2422	19	3	1.99
عندما	96613	2422	36	4	1.99
إلى	96613	2422	617	24	1.99
خلايا	96613	2422	7	2	1.93
ليبيا	96613	2422	7	2	1.93
^[الإنجليزية]‏	96613	2422	7	2	1.93
رمادي	96613	2422	7	2	1.93
متى	96613	2422	7	2	1.93
وجهه	96613	2422	7	2	1.93
الورق	96613	2422	7	2	1.93
إحدى	96613	2422	7	2	1.93
شامل	96613	2422	7	2	1.93
فرص	96613	2422	7	2	1.93
الصباغ	96613	2422	7	2	1.93
التاسع	96613	2422	7	2	1.93
تحقيق	96613	2422	20	3	1.93
قراءة	96613	2422	20	3	1.93
عرض	96613	2422	61	5	1.85
جدا	96613	2422	8	2	1.82
خضرة	96613	2422	8	2	1.82
التطبيق	96613	2422	8	2	1.82
أدوات	96613	2422	41	4	1.81
حياة	96613	2422	23	3	1.78
6	96613	2422	9	2	1.72
فنون	96613	2422	9	2	1.72
كلمات	96613	2422	9	2	1.72
[spinner.gif]	96613	2422	9	2	1.72
المساعدة	96613	2422	9	2	1.72
مادة	96613	2422	9	2	1.72
التعليقات	96613	2422	10	2	1.64
ورق	96613	2422	10	2	1.64
أبيض	96613	2422	10	2	1.64
المصدر	96613	2422	10	2	1.64
له:	96613	2422	10	2	1.64
الأبيات	96613	2422	1	1	1.60
السعادة،	96613	2422	1	1	1.60
والشوق...	96613	2422	1	1	1.60
المفتاحية	96613	2422	1	1	1.60
حب-	96613	2422	1	1	1.60
كرم-	96613	2422	1	1	1.60
الكامل:	96613	2422	1	1	1.60
جدا,	96613	2422	1	1	1.60
660.8	96613	2422	1	1	1.60
660.3	96613	2422	1	1	1.60
35.65	96613	2422	1	1	1.60
660.1	96613	2422	1	1	1.60
460.1	96613	2422	1	1	1.60
جداً,	96613	2422	1	1	1.60
620.8	96613	2422	1	1	1.60
620.3	96613	2422	1	1	1.60
620.1	96613	2422	1	1	1.60
660.5	96613	2422	1	1	1.60
460.8	96613	2422	1	1	1.60
460.3	96613	2422	1	1	1.60
الرئيسية/مجتمع/أهمية	96613	2422	1	1	1.60
5.6	96613	2422	1	1	1.60
Afrikaans	96613	2422	1	1	1.60
አማርኛ	96613	2422	1	1	1.60
Aragonés	96613	2422	1	1	1.60
Ænglisc	96613	2422	1	1	1.60
अंगिका	96613	2422	1	1	1.60
مصرى	96613	2422	1	1	1.60
Asturianu	96613	2422	1	1	1.60
Авар	96613	2422	1	1	1.60
يشوشها	96613	2422	1	1	1.60
أخرى؛	96613	2422	1	1	1.60
بالأصفر؛	96613	2422	1	1	1.60
للمال	96613	2422	1	1	1.60
لطباعة	96613	2422	1	1	1.60
الستينات	96613	2422	1	1	1.60
[40px-P_Art22.png]	96613	2422	1	1	1.60
كبّادي	96613	2422	1	1	1.60
كَرَفسيّ	96613	2422	1	1	1.60
واسابي	96613	2422	1	1	1.60
مصفر	96613	2422	1	1	1.60
كرتوزي	96613	2422	1	1	1.60
هيلوني	96613	2422	1	1	1.60
عُصاري	96613	2422	1	1	1.60
شاليهي	96613	2422	1	1	1.60
ساطع	96613	2422	1	1	1.60
فستقي	96613	2422	1	1	1.60
كيلي	96613	2422	1	1	1.60
هندي	96613	2422	1	1	1.60
غابي	96613	2422	1	1	1.60
نعناعيّ	96613	2422	1	1	1.60
إسلامي	96613	2422	1	1	1.60
باكستاني	96613	2422	1	1	1.60
غوبْلِنيّ	96613	2422	1	1	1.60
تكساس	96613	2422	1	1	1.60
زمردي	96613	2422	1	1	1.60
غابيّ	96613	2422	1	1	1.60
مائيّ	96613	2422	1	1	1.60
مالاكايتي	96613	2422	1	1	1.60
طبقي	96613	2422	1	1	1.60
بحري	96613	2422	1	1	1.60
أمازوني	96613	2422	1	1	1.60
جوهري	96613	2422	1	1	1.60
مَرَحيّ	96613	2422	1	1	1.60
محيطي	96613	2422	1	1	1.60
كادِمْيوميّ	96613	2422	1	1	1.60
زمرديّ	96613	2422	1	1	1.60
ريحانيّ	96613	2422	1	1	1.60
دارتموثي	96613	2422	1	1	1.60
نعناعي	96613	2422	1	1	1.60
ضبابي	96613	2422	1	1	1.60
مرجي	96613	2422	1	1	1.60
جبلي	96613	2422	1	1	1.60
قاروري	96613	2422	1	1	1.60
العينات	96613	2422	1	1	1.60
أعلاه	96613	2422	1	1	1.60
تمثيلة	96613	2422	1	1	1.60
سيان)	96613	2422	1	1	1.60
فوشي	96613	2422	1	1	1.60
ماجنتي)	96613	2422	1	1	1.60
كُميت	96613	2422	1	1	1.60
شرشيري	96613	2422	1	1	1.60
كحلي	96613	2422	1	1	1.60
ليمان	96613	2422	1	1	1.60
ألفا	96613	2422	1	1	1.60
سماوي	96613	2422	1	1	1.60
(art)	96613	2422	1	1	1.60
«https://ar.wikipedia.org/w/index.php?title=أخضر&oldid=72412310»	96613	2422	1	1	1.60
مرئية	96613	2422	1	1	1.60
قالب	96613	2422	1	1	1.60
الإشتراكات	96613	2422	1	1	1.60
فهو-	96613	2422	1	1	1.60
ريب-	96613	2422	1	1	1.60
زاهٍ،	96613	2422	1	1	1.60
متجدّد	96613	2422	1	1	1.60
ومتطوّر،	96613	2422	1	1	1.60
حافلٌ	96613	2422	1	1	1.60
والعطاء؛	96613	2422	1	1	1.60
سلاحًا	96613	2422	1	1	1.60
التّأسيس	96613	2422	1	1	1.60
ينعم	96613	2422	1	1	1.60
بالازدهار	96613	2422	1	1	1.60
والرّفاه	96613	2422	1	1	1.60
والطّمأنينة	96613	2422	1	1	1.60
والسّلام؛	96613	2422	1	1	1.60
فسلاح	96613	2422	1	1	1.60
إنسانيًّا	96613	2422	1	1	1.60
يستثني	96613	2422	1	1	1.60
أحدًا	96613	2422	1	1	1.60
شعبًا	96613	2422	1	1	1.60
أمّة،	96613	2422	1	1	1.60
ولادة	96613	2422	1	1	1.60
الاخضرار.	96613	2422	1	1	1.60
تُنتج	96613	2422	1	1	1.60
وثقافةً	96613	2422	1	1	1.60
خضراء؛	96613	2422	1	1	1.60
تأمّلنا	96613	2422	1	1	1.60
الطّبيعة،	96613	2422	1	1	1.60
شيءٍ	96613	2422	1	1	1.60
حيًّا،	96613	2422	1	1	1.60
وحتّى	96613	2422	1	1	1.60
آنفًا-	96613	2422	1	1	1.60
صبحٍ	96613	2422	1	1	1.60
وجهكَ	96613	2422	1	1	1.60
أزهر	96613	2422	1	1	1.60
وأسافرَ	96613	2422	1	1	1.60
لرياضِ	96613	2422	1	1	1.60
الخُلدِ	96613	2422	1	1	1.60
أسكنها	96613	2422	1	1	1.60
أرحلُ	96613	2422	1	1	1.60
روضَ	96613	2422	1	1	1.60
جُمانٍ	96613	2422	1	1	1.60
جوهَر	96613	2422	1	1	1.60
أرفعُ	96613	2422	1	1	1.60
المرعى	96613	2422	1	1	1.60
العنز	96613	2422	1	1	1.60
مريضة	96613	2422	1	1	1.60
2010كعك	96613	2422	1	1	1.60
بالجوز	96613	2422	1	1	1.60
[align=CENTER][table1="width:95%;background-image:url('http://www.noor	96613	2422	1	1	1.60
eladab.com/vb/mwaextraedit2/backgrounds/196.gif');border:3px	96613	2422	1	1	1.60
double	96613	2422	1	1	1.60
chocolate;"][cell="filter:;"][align=center]	96613	2422	1	1	1.60
أبحرت	96613	2422	1	1	1.60
أرجو	96613	2422	1	1	1.60
أحلامنا	96613	2422	1	1	1.60
لنرى	96613	2422	1	1	1.60
الانسانية	96613	2422	1	1	1.60
بخير.	96613	2422	1	1	1.60
صفد	96613	2422	1	1	1.60
غاضبًا	96613	2422	1	1	1.60
تفريغ	96613	2422	1	1	1.60
إستيائه.	96613	2422	1	1	1.60
صارا	96613	2422	1	1	1.60
السيارة	96613	2422	1	1	1.60
فكانوا	96613	2422	1	1	1.60
طبيعيين	96613	2422	1	1	1.60
باستثناء	96613	2422	1	1	1.60
ملفت	96613	2422	1	1	1.60
فكانت	96613	2422	1	1	1.60
النجاحات،	96613	2422	1	1	1.60
الأنانية.	96613	2422	1	1	1.60
اعتبار	96613	2422	1	1	1.60
للسلام	96613	2422	1	1	1.60
[bd813e58-448b-4a9a-8cff-3bee56bae5aa-thumbnail-770x770-70.jpg]	96613	2422	1	1	1.60
[product-img.svg]	96613	2422	1	1	1.60
وخيزران	96613	2422	1	1	1.60
BAMBOO	96613	2422	1	1	1.60
الاستخدمات،	96613	2422	1	1	1.60
تقييمات,	96613	2422	1	1	1.60
6.51	96613	2422	1	1	1.60
11انظر	96613	2422	1	1	1.60
12مصادر	96613	2422	1	1	1.60
13وصلات	96613	2422	1	1	1.60
الاستخدامات	96613	2422	1	1	1.60
(توضيح).	96613	2422	1	1	1.60
Additive	96613	2422	1	1	1.60
يشوشوهم	96613	2422	1	1	1.60
؛على	96613	2422	1	1	1.60
بالأصفرِ؛	96613	2422	1	1	1.60
rendering	96613	2422	1	1	1.60
عمامة	96613	2422	1	1	1.60
طربوش	96613	2422	1	1	1.60
كوفية	96613	2422	1	1	1.60
سونغكوك	96613	2422	1	1	1.60
MUV	96613	2422	1	1	1.60
NUV	96613	2422	1	1	1.60
UVC	96613	2422	1	1	1.60
UVB	96613	2422	1	1	1.60
UVA	96613	2422	1	1	1.60
(بصري)	96613	2422	1	1	1.60
Cyan	96613	2422	1	1	1.60
NIR	96613	2422	1	1	1.60
SWIR	96613	2422	1	1	1.60
MWIR	96613	2422	1	1	1.60
LWIR	96613	2422	1	1	1.60
FIR	96613	2422	1	1	1.60
قرمزي	96613	2422	1	1	1.60
typical	96613	2422	1	1	1.60
بفلسطين..	96613	2422	1	1	1.60
الصامتين	96613	2422	1	1	1.60
30/11/201030/11/2010	96613	2422	1	1	1.60
للعمل".	96613	2422	1	1	1.60
الأشهى	96613	2422	1	1	1.60
وملتقى	96613	2422	1	1	1.60
الأدباء	96613	2422	1	1	1.60
يُذكَر	96613	2422	1	1	1.60
مستدامة.	96613	2422	1	1	1.60
لخطة	96613	2422	1	1	1.60
تُعَدّ	96613	2422	1	1	1.60
أهدافك	96613	2422	1	1	1.60
categories...	96613	2422	1	1	1.60
مكان!	96613	2422	1	1	1.60
تحب!	96613	2422	1	1	1.60
تريده	96613	2422	1	1	1.60
إنترنت.	96613	2422	1	1	1.60
محدودة!	96613	2422	1	1	1.60
بمجموعة	96613	2422	1	1	1.60
متنوعة.	96613	2422	1	1	1.60
اعثر	96613	2422	1	1	1.60
شغفك	96613	2422	1	1	1.60
وانطلق!	96613	2422	1	1	1.60
ستجد	96613	2422	1	1	1.60
لتنطلق	96613	2422	1	1	1.60
والاستماع	96613	2422	1	1	1.60
واحد!	96613	2422	1	1	1.60
[devices1.5009271.png]	96613	2422	1	1	1.60
لتطور	96613	2422	1	1	1.60
نفسك!	96613	2422	1	1	1.60
تطورك	96613	2422	1	1	1.60
التطبيق.	96613	2422	1	1	1.60
حصرية.	96613	2422	1	1	1.60
+1.5	96613	2422	1	1	1.60
مستخدم	96613	2422	1	1	1.60
احبوا	96613	2422	1	1	1.60
لاكتشاف	96613	2422	1	1	1.60
ملهمة	96613	2422	1	1	1.60
ومثيرة	96613	2422	1	1	1.60
للإهتمام!	96613	2422	1	1	1.60
شهريا	96613	2422	1	1	1.60
وكن	96613	2422	1	1	1.60
شركائنا	96613	2422	1	1	1.60
بالترويج	96613	2422	1	1	1.60
وجمهورك	96613	2422	1	1	1.60
الخاص؟	96613	2422	1	1	1.60
إلكتروني	96613	2422	1	1	1.60
تنشئ	96613	2422	1	1	1.60
محتوى؟	96613	2422	1	1	1.60
شركاءنا	96613	2422	1	1	1.60
واكسب	96613	2422	1	1	1.60
عمولة	96613	2422	1	1	1.60
الترويج	96613	2422	1	1	1.60
ستزيد	96613	2422	1	1	1.60
تجربتهم	96613	2422	1	1	1.60
[1596236814.jpg]	96613	2422	1	1	1.60
Kinan	96613	2422	1	1	1.60
Soliman	96613	2422	1	1	1.60
watch	96613	2422	1	1	1.60
يساعدني	96613	2422	1	1	1.60
الاشتراك؟	96613	2422	1	1	1.60
Akhdar-logo	96613	2422	1	1	1.60
للأفضل	96613	2422	1	1	1.60
بنكهة	96613	2422	1	1	1.60
RISEUP21	96613	2422	1	1	1.60
الكواليس	96613	2422	1	1	1.60
Waraq	96613	2422	1	1	1.60
وجدناه	96613	2422	1	1	1.60
أجلك	96613	2422	1	1	1.60
الحيوان؛	96613	2422	1	1	1.60
وأخضر،	96613	2422	1	1	1.60
يدلو	96613	2422	1	1	1.60
بدلو	96613	2422	1	1	1.60
بالآخر.	96613	2422	1	1	1.60
أدفأ	96613	2422	1	1	1.60
ويظهر	96613	2422	1	1	1.60
بيضاوي	96613	2422	1	1	1.60
ويستمر	96613	2422	1	1	1.60
وثانيتين.	96613	2422	1	1	1.60
وأندرها	96613	2422	1	1	1.60
القدم،	96613	2422	1	1	1.60
يلتف	96613	2422	1	1	1.60
ويغنون	96613	2422	1	1	1.60
دربنا	96613	2422	1	1	1.60
قلبنا	96613	2422	1	1	1.60
تحدثنا	96613	2422	1	1	1.60
نستعمل	96613	2422	1	1	1.60
حديثنا	96613	2422	1	1	1.60
لتوضيح	96613	2422	1	1	1.60
“العشبي”	96613	2422	1	1	1.60
للمعتدل	96613	2422	1	1	1.60
حجرًا	96613	2422	1	1	1.60
كريمًا	96613	2422	1	1	1.60
أثمان	96613	2422	1	1	1.60
الملوّنة	96613	2422	1	1	1.60
تفاوتًا	96613	2422	1	1	1.60
هائلًا	96613	2422	1	1	1.60
الباكستاني،	96613	2422	1	1	1.60
الطحلبي،	96613	2422	1	1	1.60
الزيتوني.	96613	2422	1	1	1.60
القناني،	96613	2422	1	1	1.60
القناني	96613	2422	1	1	1.60
الداكنة،	96613	2422	1	1	1.60
البقدونس،	96613	2422	1	1	1.60
المطابق	96613	2422	1	1	1.60
الفارسي،	96613	2422	1	1	1.60
مميّز	96613	2422	1	1	1.60
يشيع	96613	2422	1	1	1.60
السجّاد	96613	2422	1	1	1.60
والخزف	96613	2422	1	1	1.60
الإيراني.	96613	2422	1	1	1.60
النيون،	96613	2422	1	1	1.60
اصفرارًا	96613	2422	1	1	1.60
مضيء.	96613	2422	1	1	1.60
الليموني،	96613	2422	1	1	1.60
يعتقد	96613	2422	1	1	1.60
إلامَ	96613	2422	1	1	1.60
الغابة”،	96613	2422	1	1	1.60
نشير	96613	2422	1	1	1.60
الدغل،	96613	2422	1	1	1.60
نسبيًا،	96613	2422	1	1	1.60
بالأول،	96613	2422	1	1	1.60
أكثر.	96613	2422	1	1	1.60
الأمازون،	96613	2422	1	1	1.60
المتوسط،	96613	2422	1	1	1.60
نعته	96613	2422	1	1	1.60
ملحوظًا.	96613	2422	1	1	1.60
وللدلالة	96613	2422	1	1	1.60
العلني	96613	2422	1	1	1.60
“سوثبي”	96613	2422	1	1	1.60
2016م،	96613	2422	1	1	1.60
سوار	96613	2422	1	1	1.60
نقي	96613	2422	1	1	1.60
قُدّرت	96613	2422	1	1	1.60
قيمته	96613	2422	1	1	1.60
و9	96613	2422	1	1	1.60
خام	96613	2422	1	1	1.60
لتصنيع	96613	2422	1	1	1.60
فيكتوار”،	96613	2422	1	1	1.60
محاكاة	96613	2422	1	1	1.60
واستنباط	96613	2422	1	1	1.60
يحاكيها.	96613	2422	1	1	1.60
وخلافًا	96613	2422	1	1	1.60
لبهاء	96613	2422	1	1	1.60
ودلالاته	96613	2422	1	1	1.60
نقع	96613	2422	1	1	1.60
صفائح	96613	2422	1	1	1.60
خل	96613	2422	1	1	1.60
العنب.	96613	2422	1	1	1.60
الرمادي،	96613	2422	1	1	1.60
الصدأ	96613	2422	1	1	1.60
التماثيل	96613	2422	1	1	1.60
النحاسية	96613	2422	1	1	1.60
“زواج	96613	2422	1	1	1.60
أرنولفيني”	96613	2422	1	1	1.60
(1434م)؛	96613	2422	1	1	1.60
بثوب	96613	2422	1	1	1.60
اللوحة،	96613	2422	1	1	1.60
دليلًا	96613	2422	1	1	1.60
وثرائها.	96613	2422	1	1	1.60
السويدي	96613	2422	1	1	1.60
كارل	96613	2422	1	1	1.60
فيلهام	96613	2422	1	1	1.60
شيله،	96613	2422	1	1	1.60
قاتل،	96613	2422	1	1	1.60
أساسه	96613	2422	1	1	1.60
السامّة.	96613	2422	1	1	1.60
وراج	96613	2422	1	1	1.60
بكلفة	96613	2422	1	1	1.60
مأساوية.	96613	2422	1	1	1.60
استُخدِم	96613	2422	1	1	1.60
شيله	96613	2422	1	1	1.60
الجدران،	96613	2422	1	1	1.60
وصبغ	96613	2422	1	1	1.60
أقمشة	96613	2422	1	1	1.60
الملابس،	96613	2422	1	1	1.60
والقوارض.	96613	2422	1	1	1.60
أواخر	96613	2422	1	1	1.60
صُنِّع	96613	2422	1	1	1.60
اعتماده	96613	2422	1	1	1.60
كأساس.	96613	2422	1	1	1.60
الرأس	96613	2422	1	1	1.60
إفريقيا،	96613	2422	1	1	1.60
والجبل	96613	2422	1	1	1.60
عُمان،	96613	2422	1	1	1.60
وجبل	96613	2422	1	1	1.60
ثانٍ	96613	2422	1	1	1.60
إندونيسيا،	96613	2422	1	1	1.60
ووادٍ	96613	2422	1	1	1.60
ثالث	96613	2422	1	1	1.60
ورابع.	96613	2422	1	1	1.60
بالاسم	96613	2422	1	1	1.60
نعتًا،	96613	2422	1	1	1.60
لضيق	96613	2422	1	1	1.60
المجال:	96613	2422	1	1	1.60
يُخضر،	96613	2422	1	1	1.60
إخضارًا،	96613	2422	1	1	1.60
مُخضِر،	96613	2422	1	1	1.60
مُخضَر.	96613	2422	1	1	1.60
الماءُ	96613	2422	1	1	1.60
أنعمه	96613	2422	1	1	1.60
وجعله	96613	2422	1	1	1.60
نضرًا.	96613	2422	1	1	1.60
خُضْر،	96613	2422	1	1	1.60
سنَّ	96613	2422	1	1	1.60
البلوغ.	96613	2422	1	1	1.60
ناعم.	96613	2422	1	1	1.60
نضيج	96613	2422	1	1	1.60
“تفاح	96613	2422	1	1	1.60
أخضر”.	96613	2422	1	1	1.60
الكروم:	96613	2422	1	1	1.60
يذوب	96613	2422	1	1	1.60
ويذوب	96613	2422	1	1	1.60
الأحماض	96613	2422	1	1	1.60
خضِرَ:	96613	2422	1	1	1.60
قياس:	96613	2422	1	1	1.60
خُضرة،	96613	2422	1	1	1.60
“هذه	96613	2422	1	1	1.60
غيرها”.	96613	2422	1	1	1.60
اختضر:	96613	2422	1	1	1.60
اختضرَ	96613	2422	1	1	1.60
يختضر،	96613	2422	1	1	1.60
مختضِر،	96613	2422	1	1	1.60
مختضَر.	96613	2422	1	1	1.60
اختضر	96613	2422	1	1	1.60
الفلاَّحُ	96613	2422	1	1	1.60
قطعه	96613	2422	1	1	1.60
أوان	96613	2422	1	1	1.60
نضجه،	96613	2422	1	1	1.60
أكله	96613	2422	1	1	1.60
اختُضِرَ	96613	2422	1	1	1.60
يُخْتَضر،	96613	2422	1	1	1.60
اخْضِيرارًا،	96613	2422	1	1	1.60
مُخضارّ.	96613	2422	1	1	1.60
النَّباتُ:	96613	2422	1	1	1.60
فشيئًا،	96613	2422	1	1	1.60
تدريجيًّا.	96613	2422	1	1	1.60
اخضر:	96613	2422	1	1	1.60
اخضِرارًا،	96613	2422	1	1	1.60
مُخضَرّ.	96613	2422	1	1	1.60
ورقُ	96613	2422	1	1	1.60
الشَّجر:	96613	2422	1	1	1.60
يُخاضر،	96613	2422	1	1	1.60
مخاضرةً،	96613	2422	1	1	1.60
مخاضِر،	96613	2422	1	1	1.60
مخاضَر.	96613	2422	1	1	1.60
خاضر	96613	2422	1	1	1.60
فلانًا:	96613	2422	1	1	1.60
الثَّمرَ	96613	2422	1	1	1.60
صلاحه،	96613	2422	1	1	1.60
الثِّمارَ	96613	2422	1	1	1.60
نضجها	96613	2422	1	1	1.60
“انصرف	96613	2422	1	1	1.60
التُّجّار	96613	2422	1	1	1.60
خُضاريّ	96613	2422	1	1	1.60
منسوب	96613	2422	1	1	1.60
خُضار.	96613	2422	1	1	1.60
القاريَّة،	96613	2422	1	1	1.60
الأخيَلُ.	96613	2422	1	1	1.60
خضراء:	96613	2422	1	1	1.60
#بودكاست	96613	2422	1	1	1.60
Podcast	96613	2422	1	1	1.60
Top	96613	2422	1	1	1.60
Charts	96613	2422	1	1	1.60
0.0	96613	2422	1	1	1.60
(0)	96613	2422	1	1	1.60
NEWS	96613	2422	1	1	1.60
تحكي	96613	2422	1	1	1.60
المكان”	96613	2422	1	1	1.60
📝	96613	2422	1	1	1.60
الملخص:	96613	2422	1	1	1.60
نسلّط	96613	2422	1	1	1.60
الجوف،	96613	2422	1	1	1.60
Explicit	96613	2422	1	1	1.60
Show	96613	2422	1	1	1.60
(France)	96613	2422	1	1	1.60
مسحوقة	96613	2422	1	1	1.60
حارة	96613	2422	1	1	1.60
شرائح	96613	2422	1	1	1.60
بصل	96613	2422	1	1	1.60
أرز	96613	2422	1	1	1.60
مطبوخ،	96613	2422	1	1	1.60
للتقديم	96613	2422	1	1	1.60
Aldar	96613	2422	1	1	1.60
أراضي	96613	2422	1	1	1.60
ليعلموا	96613	2422	1	1	1.60
سألتك	96613	2422	1	1	1.60
وليعلموا	96613	2422	1	1	1.60
مكانتك	96613	2422	1	1	1.60
وفضلك.	96613	2422	1	1	1.60
خَضِرًا،	96613	2422	1	1	1.60
خُضْرٍ،	96613	2422	1	1	1.60
مُخْضَرَّة،	96613	2422	1	1	1.60
الْأَخْضَرِ.	96613	2422	1	1	1.60
العذبة،	96613	2422	1	1	1.60
يُحَلَّون	96613	2422	1	1	1.60
بأساور	96613	2422	1	1	1.60
الذهب،	96613	2422	1	1	1.60
ويَلْبَسون	96613	2422	1	1	1.60
ثيابًا	96613	2422	1	1	1.60
نسجت	96613	2422	1	1	1.60
رقيق	96613	2422	1	1	1.60
الحرير	96613	2422	1	1	1.60
وغليظه،	96613	2422	1	1	1.60
يتكئون	96613	2422	1	1	1.60
الأسِرَّة	96613	2422	1	1	1.60
المزدانة	96613	2422	1	1	1.60
لماذا؟	96613	2422	1	1	1.60
بالشجر	96613	2422	1	1	1.60
مظاهر	96613	2422	1	1	1.60
محافظ	96613	2422	1	1	1.60
"حملة	96613	2422	1	1	1.60
بالضدية	96613	2422	1	1	1.60
رجليها	96613	2422	1	1	1.60
تسبلي	96613	2422	1	1	1.60
ستارةً	96613	2422	1	1	1.60
غضةً	96613	2422	1	1	1.60
دمي	96613	2422	1	1	1.60
لشباك	96613	2422	1	1	1.60
خلي	96613	2422	1	1	1.60
مسافاتي	96613	2422	1	1	1.60
تحطمي	96613	2422	1	1	1.60
منظري	96613	2422	1	1	1.60
النَّكَعة	96613	2422	1	1	1.60
ضَرْب	96613	2422	1	1	1.60
حُلْوٌ	96613	2422	1	1	1.60
جَدَّ	96613	2422	1	1	1.60
ابْيَضَّ	96613	2422	1	1	1.60
يَتَذَأْنَنُون	96613	2422	1	1	1.60
يَطْلبُون	96613	2422	1	1	1.60
درجات	96613	2422	28	3	1.56
السابق	96613	2422	11	2	1.56
الرجوع	96613	2422	11	2	1.56
أخضر....///للشاعر	96613	2422	11	2	1.56
يعرف	96613	2422	11	2	1.56
بحث	96613	2422	51	4	1.52
في	96613	2422	2095	60	1.51
oEmbed	96613	2422	12	2	1.49
أشعة	96613	2422	12	2	1.49
أضف	96613	2422	12	2	1.49
حلمٌ	96613	2422	12	2	1.49
خيارات	96613	2422	12	2	1.49
الآن	96613	2422	30	3	1.49
الأرض،	96613	2422	13	2	1.43
خلاصة	96613	2422	13	2	1.43
لأنّ	96613	2422	13	2	1.43
تطبيق	96613	2422	13	2	1.43
Green	96613	2422	83	5	1.40
الولايات	96613	2422	14	2	1.38
يمكنك	96613	2422	14	2	1.38
إحياء	96613	2422	14	2	1.38
صار	96613	2422	15	2	1.32
شجر	96613	2422	15	2	1.32
جمال	96613	2422	36	3	1.31
معبراً	96613	2422	2	1	1.31
فاتح,	96613	2422	2	1	1.31
المظلم	96613	2422	2	1	1.31
السلامة.	96613	2422	2	1	1.31
الأمريكي.	96613	2422	2	1	1.31
عصري	96613	2422	2	1	1.31
كهرطيسي	96613	2422	2	1	1.31
realism	96613	2422	2	1	1.31
(art	96613	2422	2	1	1.31
style)	96613	2422	2	1	1.31
زهري	96613	2422	2	1	1.31
تصنيف:لون	96613	2422	2	1	1.31
ضوئي	96613	2422	2	1	1.31
تفاؤله	96613	2422	2	1	1.31
بالإنتاج	96613	2422	2	1	1.31
الآدميّ	96613	2422	2	1	1.31
حياةً	96613	2422	2	1	1.31
والعقم	96613	2422	2	1	1.31
تمتاز	96613	2422	2	1	1.31
شعرًا	96613	2422	2	1	1.31
المادّة	96613	2422	2	1	1.31
الأوّليّة	96613	2422	2	1	1.31
بالماء	96613	2422	2	1	1.31
شي	96613	2422	2	1	1.31
100%	96613	2422	2	1	1.31
كلما	96613	2422	2	1	1.31
تتحقق	96613	2422	2	1	1.31
جميعهم	96613	2422	2	1	1.31
غريبة	96613	2422	2	1	1.31
الفريد	96613	2422	2	1	1.31
الزيتوني:	96613	2422	2	1	1.31
الزيتون	96613	2422	2	1	1.31
تقييمك	96613	2422	2	1	1.31
4.88	96613	2422	2	1	1.31
color.	96613	2422	2	1	1.31
لبس	96613	2422	2	1	1.31
98.	96613	2422	2	1	1.31
تمرد	96613	2422	2	1	1.31
وجمهور	96613	2422	2	1	1.31
شبابي	96613	2422	2	1	1.31
Published	96613	2422	2	1	1.31
انقر	96613	2422	2	1	1.31
العطاء	96613	2422	2	1	1.31
تتيح	96613	2422	2	1	1.31
يسهم	96613	2422	2	1	1.31
Loading	96613	2422	2	1	1.31
واكتشف	96613	2422	2	1	1.31
اجعل	96613	2422	2	1	1.31
وتابع	96613	2422	2	1	1.31
سنويا	96613	2422	2	1	1.31
وفر	96613	2422	2	1	1.31
لأخضر	96613	2422	2	1	1.31
شركاء	96613	2422	2	1	1.31
تأثيرًا	96613	2422	2	1	1.31
للتعلم	96613	2422	2	1	1.31
قالوا	96613	2422	2	1	1.31
videos	96613	2422	2	1	1.31
يوميا؟	96613	2422	2	1	1.31
طرق	96613	2422	2	1	1.31
الاشتراك	96613	2422	2	1	1.31
Vision	96613	2422	2	1	1.31
بطاقات	96613	2422	2	1	1.31
القاهرة	96613	2422	2	1	1.31
الدولي	96613	2422	2	1	1.31
للكتاب	96613	2422	2	1	1.31
منديلك	96613	2422	2	1	1.31
العليا،	96613	2422	2	1	1.31
قرص	96613	2422	2	1	1.31
الجميع،	96613	2422	2	1	1.31
أخضر..	96613	2422	2	1	1.31
محدودًا	96613	2422	2	1	1.31
النعوت	96613	2422	2	1	1.31
اللون.	96613	2422	2	1	1.31
تتفاوت	96613	2422	2	1	1.31
البني.	96613	2422	2	1	1.31
الورقية.	96613	2422	2	1	1.31
الغابات،	96613	2422	2	1	1.31
هي:	96613	2422	2	1	1.31
بأخضر	96613	2422	2	1	1.31
بالمتوسط	96613	2422	2	1	1.31
السواد.	96613	2422	2	1	1.31
يتراوح	96613	2422	2	1	1.31
للرسم	96613	2422	2	1	1.31
الفراعنة	96613	2422	2	1	1.31
“جبل	96613	2422	2	1	1.31
تاريخي	96613	2422	2	1	1.31
ومحاولات	96613	2422	2	1	1.31
الإيجابية،	96613	2422	2	1	1.31
النحاس	96613	2422	2	1	1.31
لونًا	96613	2422	2	1	1.31
مائلًا	96613	2422	2	1	1.31
بارز	96613	2422	2	1	1.31
الطبقي	96613	2422	2	1	1.31
صباغ	96613	2422	2	1	1.31
مشابه	96613	2422	2	1	1.31
جمهورية	96613	2422	2	1	1.31
وإمَّا	96613	2422	2	1	1.31
أخضرُ:	96613	2422	2	1	1.31
اخضارَّ	96613	2422	2	1	1.31
يخضرّ،	96613	2422	2	1	1.31
(حن)	96613	2422	2	1	1.31
طائر	96613	2422	2	1	1.31
خَضْراءُ	96613	2422	2	1	1.31
البيئي،	96613	2422	2	1	1.31
أغنى	96613	2422	2	1	1.31
Website	96613	2422	2	1	1.31
Select	96613	2422	2	1	1.31
رشة	96613	2422	2	1	1.31
صلصة	96613	2422	2	1	1.31
¼	96613	2422	2	1	1.31
بالباربيكيو:	96613	2422	2	1	1.31
الخيارات	96613	2422	2	1	1.31
الأنهار	96613	2422	2	1	1.31
تُوقِدُونَ"	96613	2422	2	1	1.31
﴿يس	96613	2422	2	1	1.31
80﴾	96613	2422	2	1	1.31
الذهن	96613	2422	2	1	1.31
التصحر	96613	2422	2	1	1.31
وحملة	96613	2422	2	1	1.31
عامر	96613	2422	2	1	1.31
بالماء،	96613	2422	2	1	1.31
الأنهر	96613	2422	2	1	1.31
هوىً	96613	2422	2	1	1.31
طولها	96613	2422	2	1	1.31
أهمية	96613	2422	16	2	1.28
رد:	96613	2422	16	2	1.28
يوجد	96613	2422	16	2	1.28
إعادة	96613	2422	16	2	1.28
أو	96613	2422	188	8	1.27
وجه	96613	2422	17	2	1.23
دخول	96613	2422	17	2	1.23
الدار	96613	2422	17	2	1.23
على	96613	2422	888	26	1.23
العربية	96613	2422	40	3	1.22
(BUTTON)	96613	2422	340	12	1.21
مواضيع	96613	2422	18	2	1.19
بواسطة	96613	2422	18	2	1.19
أفكار	96613	2422	18	2	1.19
القرن	96613	2422	18	2	1.19
حساب	96613	2422	18	2	1.19
من	96613	2422	1485	37	1.18
عالم	96613	2422	42	3	1.17
تحت	96613	2422	19	2	1.16
وقت	96613	2422	19	2	1.16
إنشاء	96613	2422	19	2	1.16
الشجر	96613	2422	19	2	1.16
علم	96613	2422	43	3	1.15
هنا	96613	2422	43	3	1.15
عبر	96613	2422	43	3	1.15
العملي	96613	2422	3	1	1.15
الظاهرة	96613	2422	3	1	1.15
فقط.	96613	2422	3	1	1.15
المرئي	96613	2422	3	1	1.15
أمواج	96613	2422	3	1	1.15
صغرية	96613	2422	3	1	1.15
تصنيفات:	96613	2422	3	1	1.15
تصنيفات	96613	2422	3	1	1.15
مخفية:	96613	2422	3	1	1.15
أرشيف	96613	2422	3	1	1.15
MediaWiki	96613	2422	3	1	1.15
موضوعًا	96613	2422	3	1	1.15
×	96613	2422	3	1	1.15
بالمستقبل	96613	2422	3	1	1.15
إليه،	96613	2422	3	1	1.15
الدرب	96613	2422	3	1	1.15
لمقاومة	96613	2422	3	1	1.15
الشّرّ	96613	2422	3	1	1.15
والحقد	96613	2422	3	1	1.15
حبًّا	96613	2422	3	1	1.15
يُصنع	96613	2422	3	1	1.15
الألوان،	96613	2422	3	1	1.15
مرّ	96613	2422	3	1	1.15
توقيع	96613	2422	3	1	1.15
:sm5:	96613	2422	3	1	1.15
لدرجة	96613	2422	3	1	1.15
ينزل	96613	2422	3	1	1.15
للغاية	96613	2422	3	1	1.15
visible	96613	2422	3	1	1.15
science	96613	2422	3	1	1.15
sRGB	96613	2422	3	1	1.15
الوب	96613	2422	3	1	1.15
قراءات	96613	2422	3	1	1.15
للمشاركة	96613	2422	3	1	1.15
الشبان	96613	2422	3	1	1.15
2030.	96613	2422	3	1	1.15
الأهداف	96613	2422	3	1	1.15
مكان.	96613	2422	3	1	1.15
واستمتع	96613	2422	3	1	1.15
تعطي	96613	2422	3	1	1.15
تقدمك	96613	2422	3	1	1.15
وإنجازاتك	96613	2422	3	1	1.15
حقيقية	96613	2422	3	1	1.15
والمعرفة	96613	2422	3	1	1.15
your	96613	2422	3	1	1.15
والدعم	96613	2422	3	1	1.15
موسوعة	96613	2422	3	1	1.15
معرض	96613	2422	3	1	1.15
القهوة	96613	2422	3	1	1.15
play	96613	2422	3	1	1.15
بالتعاون	96613	2422	3	1	1.15
المال،	96613	2422	3	1	1.15
طبقة	96613	2422	3	1	1.15
يعلو	96613	2422	3	1	1.15
ثانية	96613	2422	3	1	1.15
حوله	96613	2422	3	1	1.15
عددًا	96613	2422	3	1	1.15
نتحدث	96613	2422	3	1	1.15
الكريمة،	96613	2422	3	1	1.15
